CUSTOMERKEY,CUSTOMERNAME,CUSTOMERTIN,CUSTOMERBRANCH,REASON,CURRREAD,PREVREAD,CONS,BILL
7288577,LEGES GEBIRE,,AD,26-Sep,738,734,4,
C-000000866593,ZEWDENESHE TIMERGA,,AD,26-Sep,719,718,1,
7310212,TESFAYIE AYELE,,AD,26-Sep,3839,3830,9,
C-000002167835,ETHIO TELECOM N/A,,AD,26-Sep,184,182,2,
7301002,GAMENE SHEREGA,,AD,26-Sep,3816,3816,,
7313534,TESFAYE WOLDIE,,AD,26-Sep,431,427,4,
7304938,WEREDA 7KEBELE 32 N/A,,AD,26-Sep,9460,9404,56,
C-000003461612,KO/K/K/K N/A,,AD,26-Sep,129,122,7,
7321690,DEGNIE HAILA,,AD,26-Sep,2680,2677,3,
7303203,ATO SOLOMON BEIYENE,,AD,26-Sep,1665,1661,4,
C-000002818106,GETU ZEWDI,,AD,26-Sep,63,63,,
7310735,ABEBE BEKELE,,AD,26-Sep,1819,1809,10,
7274315,TELAKE LEMMA,,AD,26-Sep,1695,1684,11,
7276631,ATO TARIKU ASIRAT,,AD,26-Sep,1366,1361,5,
7322326,WOIZERO WUBALEM BELAY,,AD,26-Sep,1680,1675,5,
7307942,KEF 8KB 5 N/A,,AD,26-Sep,1956,1948,8,
7290196,ATO RWEDA KEDERE,,AD,26-Sep,6460,6446,14,
7282147,ATO TSIGE MARRE,,AD,26-Sep,1491,1481,10,
C-000003435367,ATO BERHANU KASHU,,AD,26-Sep,123,120,3,
7293650,HABETAMU KASAUENE,,AD,26-Sep,1039,1033,6,
7299173,AYALEW MESIKER,,AD,26-Sep,2262,2257,5,
